{"id":"iOfzTBD1649237515976","name":"【二维表】排序","version":"6.0.1","author":"","component":{"label":"【二维表】排序","description":"将二维表对象进行排序","descriptionLinkAddr":"","definition":{"message0":"将二维表对象$1依据列$2进行$3排序，输出至：$0","args0":[{"name":"d_df","label":"输出到变量","displayType":"text","defaultValue":"df","propertityDirection":"1","type":"input_value","id":0},{"name":"d_df_input","label":"二维表对象","displayType":"text","defaultValue":"\"\"","propertityDirection":"0","type":"input_value","id":1},{"name":"d_col","label":"指定列（可传参：列标签/列标签列表）","displayType":"text","defaultValue":"\"\"","propertityDirection":"0","type":"input_value","id":2},{"name":"d_type","label":"排序方式","displayType":"dropDownSelect","defaultValue":"\"升序\"","propertityDirection":"0","type":"input_value","id":3,"displayParam":[{"label":"升序","value":"\"升序\""},{"label":"降序","value":"\"降序\""}]}],"options0":[]},"type":"TASK_COMPONENT_iOfzTBD1649237515976_1_0_1","version":"1.0.1","category":"task_component","tag":[{"label":"自建组件"},{"label":"流程组件"}],"codeDesc":[{"func":"self.TASK_COMPONENT_iOfzTBD1649237515976_1_0_1","args":["d_df_input","d_col","d_type"],"assignTo":"d_df"}],"componentMode":["normal"],"releaseTag":3},"model":null,"taskVersion":"1.0.1","componentType":"电脑组件","dependencies":{}}