{"id":"fCUrMug1649242904841","name":"【二维表】单&多列处理","version":"6.0.1","author":"","component":{"label":"【二维表】单&多列处理","description":"以lambda表达式对列进行自定义处理","descriptionLinkAddr":"","definition":{"message0":"二维表对象$1中以表达式形式对单/多列$2处理，赋值给列$3，输出至：$0","args0":[{"name":"d_df","label":"输出到变量","displayType":"text","defaultValue":"df","propertityDirection":"1","type":"input_value","id":0},{"name":"d_df_input","label":"二维表对象","displayType":"text","defaultValue":"\"\"","propertityDirection":"0","type":"input_value","id":1},{"name":"d_col_list","label":"指定列（可传参：列标签列表/列标签）","displayType":"text","defaultValue":"[\"列1\",\"列2\"]","propertityDirection":"0","type":"input_value","id":2},{"name":"d_col","label":"新增列","displayType":"text","defaultValue":"\"\"","propertityDirection":"0","type":"input_value","id":3},{"name":"d_lambda","label":"自定义表达式","displayType":"text","defaultValue":"lambda x,y:x if x != '' else y","propertityDirection":"0","type":"input_value","id":4}],"options0":[]},"type":"TASK_COMPONENT_fCUrMug1649242904841_1_0_3","version":"1.0.3","category":"task_component","tag":[{"label":"自建组件"},{"label":"流程组件"}],"codeDesc":[{"func":"self.TASK_COMPONENT_fCUrMug1649242904841_1_0_3","args":["d_df_input","d_col_list","d_col","d_lambda"],"assignTo":"d_df"}],"componentMode":["normal"],"releaseTag":3},"model":null,"taskVersion":"1.0.3","componentType":"电脑组件","dependencies":{}}