{"id":"rJ35LR01644575448816","name":"【二维表】删除重复行","version":"6.0.1","author":"","component":{"label":"【二维表】删除重复行","description":"删除二维表对象中的重复行","descriptionLinkAddr":"","definition":{"message0":"删除二维表对象$1中的列$3重复的行，输出至：$0","args0":[{"name":"d_df","label":"输出到变量","displayType":"text","defaultValue":"df","propertityDirection":"1","type":"input_value","id":0},{"name":"d_df_input","label":"二维表对象","displayType":"text","defaultValue":"\"\"","propertityDirection":"0","type":"input_value","id":1},{"name":"d_keep_line","label":"保留行","displayType":"dropDownSelect","defaultValue":"\"首行\"","propertityDirection":"0","type":"input_value","id":2,"displayParam":[{"label":"首行","value":"\"首行\""},{"label":"尾行","value":"\"尾行\""},{"label":"全部删除","value":"\"全部删除\""}]},{"name":"d_columns","label":"有重复数据的列（选填：为空列表时对整个二维表生效）","displayType":"text","defaultValue":"[]","propertityDirection":"0","type":"input_value","id":3}],"options0":[]},"type":"TASK_COMPONENT_rJ35LR01644575448816_1_0_2","version":"1.0.2","category":"task_component","tag":[{"label":"自建组件"},{"label":"流程组件"}],"codeDesc":[{"func":"self.TASK_COMPONENT_rJ35LR01644575448816_1_0_2","args":["d_df_input","d_keep_line","d_columns"],"assignTo":"d_df"}],"componentMode":["normal"],"releaseTag":3},"model":null,"taskVersion":"1.0.2","componentType":"电脑组件","dependencies":{}}