{"id":"c0NSxNR1645004250466","name":"【二维表】测试数据集","version":"6.0.1","author":"","component":{"label":"【二维表】测试数据集","description":"生成测试数据，供调试使用","descriptionLinkAddr":"","definition":{"message0":"生成测试$1，供调试使用，输出至：$0","args0":[{"name":"d_df","label":"输出到变量","displayType":"text","defaultValue":"df_test","propertityDirection":"1","type":"input_value","id":0},{"name":"d_data_set","label":"数据集","displayType":"dropDownSelect","defaultValue":"\"薪资数据（正常）\"","propertityDirection":"0","type":"input_value","id":1,"displayParam":[{"label":"薪资数据（正常）","value":"\"薪资数据（正常）\""},{"label":"薪资数据（异常）","value":"\"薪资数据（异常）\""}]},{"name":"d_length","label":"行数","displayType":"text","defaultValue":"10","propertityDirection":"0","type":"input_value","id":2,"displayParam":[{"label":"是","value":"\"是\""},{"label":"否","value":"\"否\""}]},{"name":"d_print","label":"打印日志","displayType":"dropDownSelect","defaultValue":"\"是\"","propertityDirection":"0","type":"input_value","id":3,"displayParam":[{"label":"是","value":"\"是\""},{"label":"否","value":"\"否\""}]}],"options0":[]},"type":"TASK_COMPONENT_c0NSxNR1645004250466_1_0_3","version":"1.0.3","category":"task_component","tag":[{"label":"自建组件"},{"label":"流程组件"}],"codeDesc":[{"func":"self.TASK_COMPONENT_c0NSxNR1645004250466_1_0_3","args":["d_data_set","d_length","d_print"],"assignTo":"d_df"}],"componentMode":["normal"],"releaseTag":3},"model":null,"taskVersion":"1.0.3","componentType":"电脑组件","dependencies":{}}