{"id":"2sTqwJf1644828229159","name":"【二维表】分组（聚合）","version":"6.0.1","author":"","component":{"label":"【二维表】分组（聚合）","description":"对二维表对象分组并聚合（行数等于分组数量）","descriptionLinkAddr":"","definition":{"message0":"根据列$2对二维表对象$1分组并计算$3，输出至：$0","args0":[{"name":"d_df","label":"输出到变量","displayType":"text","defaultValue":"df","propertityDirection":"1","type":"input_value","id":0},{"name":"d_df_input","label":"二维表对象","displayType":"text","defaultValue":"\"\"","propertityDirection":"0","type":"input_value","id":1},{"name":"d_columns","label":"分组列（示例：[\"公司\"]）","displayType":"text","defaultValue":"[]","propertityDirection":"0","type":"input_value","id":2},{"name":"d_agg","label":"待汇总/计算操作（提示：求和sum、均值mean、计数count、最小值min、最大值max、中位数median、方差std、标准差var）（示例：{\"年龄\":[\"最大值\"],\"工资\":\"均值\"}）","displayType":"text","defaultValue":"{}","propertityDirection":"0","type":"input_value","id":3},{"name":"d_reset_index","label":"重置行标签","displayType":"dropDownSelect","defaultValue":"\"是\"","propertityDirection":"0","type":"input_value","id":4,"displayParam":[{"label":"是","value":"\"是\""},{"label":"否","value":"\"否\""}]}],"options0":[]},"type":"TASK_COMPONENT_2sTqwJf1644828229159_1_0_13","version":"1.0.13","category":"task_component","tag":[{"label":"自建组件"},{"label":"流程组件"}],"codeDesc":[{"func":"self.TASK_COMPONENT_2sTqwJf1644828229159_1_0_13","args":["d_df_input","d_columns","d_agg","d_reset_index"],"assignTo":"d_df"}],"componentMode":["normal"],"releaseTag":3},"model":null,"taskVersion":"1.0.13","componentType":"电脑组件","dependencies":{}}