{"id":"UCpzEwB1644375006527","name":"数据能力拓展","version":"1.0.198","introduction":"二维表（Pandas）的常用操作及拓展","description":"","lastModifyTime":"2022/04/11 11:19","registry":"export","dependencies":{"HEMRat21644391014867":{"id":"HEMRat21644391014867","name":"【二维表】读取文件并生成对象","version":"1.0.9","type":"component","state":1,"description":"读取.xlsx、.xls、.csv格式的文件，并返回二维表对象","descriptionLinkAddr":"","message0":"读取表格文件$1，并生成二维表对象，输出至：$0","componentType":"电脑组件","lastModifyTime":"2022/02/22 17:53"},"x0BtUyj1644395383923":{"id":"x0BtUyj1644395383923","name":"【二维表】创建对象","version":"1.0.5","type":"component","state":1,"description":"创建新的二维表对象","descriptionLinkAddr":"","message0":"创建新的二维表对象，写入数据$1，输出至：$0","componentType":"电脑组件","lastModifyTime":"2022/04/02 11:25"},"m47oLqw1644396805301":{"id":"m47oLqw1644396805301","name":"【二维表】获取行、列数","version":"1.0.4","type":"component","state":1,"description":"从二维表对象中，获取行、列数","descriptionLinkAddr":"","message0":"从二维表对象$1中，获取$2，输出至：$0","componentType":"电脑组件","lastModifyTime":"2022/03/30 23:01"},"V3TTbbB1644397667848":{"id":"V3TTbbB1644397667848","name":"【二维表】获取行、列标签","version":"1.0.3","type":"component","state":1,"description":"从二维表对象中，获取行、列标签","descriptionLinkAddr":"","message0":"从二维表对象$1中，获取$2，输出至：$0","componentType":"电脑组件","lastModifyTime":"2022/02/11 16:16"},"gyJrWwe1644398168035":{"id":"gyJrWwe1644398168035","name":"【二维表】转置","version":"1.0.1","type":"component","state":1,"description":"将二维表对象进行转置","descriptionLinkAddr":"","message0":"将二维表对象$1进行转置，输出至：$0","componentType":"电脑组件","lastModifyTime":"2022/02/12 09:58"},"4LN25tz1644401489385":{"id":"4LN25tz1644401489385","name":"【二维表】填充缺失值（NaN）","version":"1.0.9","type":"component","state":1,"description":"将二维表对象中缺失值NaN按照不同填充方向、填充方式进行填充","descriptionLinkAddr":"","message0":"将二维表对象$1中缺失值按填充方向$2、填充方式$4进行填充，输出至：$0","componentType":"电脑组件","lastModifyTime":"2022/02/28 11:19"},"GnVdHA01644412771378":{"id":"GnVdHA01644412771378","name":"【二维表】移除缺失值（NaN）所在行、列","version":"1.0.2","type":"component","state":1,"description":"移除二维表对象中有缺失值或所有值是缺失值的行或列","descriptionLinkAddr":"","message0":"从二维表对象$1中，移除指定行、列$4中$3的$2，输出至：$0","componentType":"电脑组件","lastModifyTime":"2022/02/27 17:18"},"4UvJBnw1644459475185":{"id":"4UvJBnw1644459475185","name":"【二维表】获取列","version":"1.0.4","type":"component","state":1,"description":"获取二维表对象中的指定几列","descriptionLinkAddr":"","message0":"获取二维表对象$1中指定列$2，输出至：$0","componentType":"电脑组件","lastModifyTime":"2022/02/12 09:59"},"azbhD5Z1644561006059":{"id":"azbhD5Z1644561006059","name":"【二维表】修改行、列标签","version":"1.0.7","type":"component","state":1,"description":"修改二维表对象的行或列标签","descriptionLinkAddr":"","message0":"修改二维表对象$1的行标签$2、列标签$3，输出至：$0","componentType":"电脑组件","lastModifyTime":"2022/02/17 11:30"},"T4jVHw51644562569505":{"id":"T4jVHw51644562569505","name":"【二维表】数据类型转换","version":"1.0.3","type":"component","state":1,"description":"转换二维表对象或其中一列的数据类型","descriptionLinkAddr":"","message0":"转换二维表对象$1中列$2的数据类型为$3，输出至：$0","componentType":"电脑组件","lastModifyTime":"2022/04/11 11:15"},"6mvZyYb1644570753912":{"id":"6mvZyYb1644570753912","name":"【二维表】获取Excel文件Sheet名称","version":"1.0.2","type":"component","state":1,"description":"从二维表对象中，获取sheet名称","descriptionLinkAddr":"","message0":"获取Excel文件$1中索引/关键词为$2的的Sheet名称，输出至：$0","componentType":"电脑组件","lastModifyTime":"2022/02/12 16:00"},"rJ35LR01644575448816":{"id":"rJ35LR01644575448816","name":"【二维表】删除重复行","version":"1.0.2","type":"component","state":1,"description":"删除二维表对象中的重复行","descriptionLinkAddr":"","message0":"删除二维表对象$1中的列$3重复的行，输出至：$0","componentType":"电脑组件","lastModifyTime":"2022/02/12 09:56"},"cQRZ2oQ1644631209339":{"id":"cQRZ2oQ1644631209339","name":"【二维表】获取重复行","version":"1.0.1","type":"component","state":1,"description":"获取二维表对象中的重复行","descriptionLinkAddr":"","message0":"获取二维表对象$1中的列$2重复的行，输出至：$0","componentType":"电脑组件","lastModifyTime":"2022/02/12 17:15"},"QL1aIo81644632597122":{"id":"QL1aIo81644632597122","name":"【二维表】拼接","version":"1.0.7","type":"component","state":1,"description":"拼接多个二维表对象","descriptionLinkAddr":"","message0":"将多个二维表对象$1按$2进行$3拼接，输出至：$0","componentType":"电脑组件","lastModifyTime":"2022/04/09 00:03"},"x1CwrnH1644650050462":{"id":"x1CwrnH1644650050462","name":"【二维表】合并","version":"1.0.4","type":"component","state":1,"description":"合并二维表对象","descriptionLinkAddr":"","message0":"将二维表对象$1、$2，以列$3、$4为键，以$5进行合并，输出至：$0","componentType":"电脑组件","lastModifyTime":"2022/04/11 11:16"},"Rr4Pw1w1644651854194":{"id":"Rr4Pw1w1644651854194","name":"【二维表】写入文件","version":"1.0.9","type":"component","state":1,"description":"将二维表对象写入文件中","descriptionLinkAddr":"","message0":"将二维表对象$0写入文件路径$1的$2Sheet页中","componentType":"电脑组件","lastModifyTime":"2022/02/27 17:21"},"I25fJJi1644757005024":{"id":"I25fJJi1644757005024","name":"【二维表】查看数据（仅打印日志）","version":"1.0.0","type":"component","state":1,"description":"查看二维表对象的数据","descriptionLinkAddr":"","message0":"将二维表对象$0的数据打印至日志，用于查看","componentType":"电脑组件","lastModifyTime":"2022/02/14 09:42"},"tTcYZEr1644808214028":{"id":"tTcYZEr1644808214028","name":"【二维表】筛选行","version":"1.0.8","type":"component","state":1,"description":"筛选二维表对象的行","descriptionLinkAddr":"","message0":"对二维表对象$1进行筛选，筛选条件为$2，输出至：$0","componentType":"电脑组件","lastModifyTime":"2022/04/09 00:04"},"2sTqwJf1644828229159":{"id":"2sTqwJf1644828229159","name":"【二维表】分组（聚合）","version":"1.0.13","type":"component","state":1,"description":"对二维表对象分组并聚合（行数等于分组数量）","descriptionLinkAddr":"","message0":"根据列$2对二维表对象$1分组并计算$3，输出至：$0","componentType":"电脑组件","lastModifyTime":"2022/04/11 11:13"},"gf6dzBm1644830595340":{"id":"gf6dzBm1644830595340","name":"【二维表】分组（转化）","version":"1.0.6","type":"component","state":1,"description":"对二维表对象分组并转化（行数保持不变）","descriptionLinkAddr":"","message0":"根据列$2对二维表对象$1分组，计算列$4的$3并新增一列$5，输出至：$0","componentType":"电脑组件","lastModifyTime":"2022/04/11 11:13"},"ILizynu1644834075190":{"id":"ILizynu1644834075190","name":"【二维表】重置行标签","version":"1.0.2","type":"component","state":1,"description":"重置二维表对象的行标签","descriptionLinkAddr":"","message0":"重置二维表对象$1的行标签，输出至：$0","componentType":"电脑组件","lastModifyTime":"2022/02/15 11:06"},"c0NSxNR1645004250466":{"id":"c0NSxNR1645004250466","name":"【二维表】测试数据集","version":"1.0.3","type":"component","state":1,"description":"生成测试数据，供调试使用","descriptionLinkAddr":"","message0":"生成测试$1，供调试使用，输出至：$0","componentType":"电脑组件","lastModifyTime":"2022/02/16 19:56"},"n5GozuX1645008401987":{"id":"n5GozuX1645008401987","name":"【二维表】数据透视表","version":"1.0.16","type":"component","state":1,"description":"对二维表对象生成数据透视表","descriptionLinkAddr":"","message0":"二维表对象$1中$2为行、$3为列，对$4汇总计算，输出至：$0","componentType":"电脑组件","lastModifyTime":"2022/04/09 01:01"},"cXaU1AR1645340474020":{"id":"cXaU1AR1645340474020","name":"【二维表】列汇总、计算","version":"1.0.6","type":"component","state":1,"description":"对二维表对象进行汇总/计算","descriptionLinkAddr":"","message0":"对二维表对象$1中列$2汇总/计算$3，输出至：$0","componentType":"电脑组件","lastModifyTime":"2022/04/02 11:02"},"NZOmi511645953728307":{"id":"NZOmi511645953728307","name":"【二维表】插入列","version":"1.0.4","type":"component","state":1,"description":"在二维表对象中指定位置插入一列","descriptionLinkAddr":"","message0":"在二维表对象$1中位置$4新增一列$2，写入数据$3，输出到：$0","componentType":"电脑组件","lastModifyTime":"2022/03/01 14:39"},"oKy66X91645955107367":{"id":"oKy66X91645955107367","name":"【二维表】复制列","version":"1.0.5","type":"component","state":1,"description":"在二维表对象中复制一列","descriptionLinkAddr":"","message0":"在二维表对象$1中复制列$2至列$3，输出至：$0","componentType":"电脑组件","lastModifyTime":"2022/04/08 18:42"},"jcempBW1645956404323":{"id":"jcempBW1645956404323","name":"【二维表】删除列","version":"1.0.0","type":"component","state":1,"description":"在二维表对象中删除指定列","descriptionLinkAddr":"","message0":"在二维表对象$1中删除指定列$2，输出至：$0","componentType":"电脑组件","lastModifyTime":"2022/02/27 18:11"},"jchYv6e1645957408825":{"id":"jchYv6e1645957408825","name":"【二维表】列拼接","version":"1.0.1","type":"component","state":1,"description":"将二维表对象中两列进行字符串形式的拼接","descriptionLinkAddr":"","message0":"将二维表对象$1中列$2和列$3以字符串形式拼接，赋值给列$5，输出至：$0","componentType":"电脑组件","lastModifyTime":"2022/02/27 18:47"},"RrgOfhI1645957826191":{"id":"RrgOfhI1645957826191","name":"【二维表】列运算","version":"1.0.3","type":"component","state":1,"description":"将二维表对象中两列进行数值运算","descriptionLinkAddr":"","message0":"二维表对象$1中列$2和列$3进行数值运算（$4），赋值给列$5，输出至：$0","componentType":"电脑组件","lastModifyTime":"2022/02/27 21:30"},"IAXPN961645968232996":{"id":"IAXPN961645968232996","name":"【二维表】列数据分类","version":"1.0.1","type":"component","state":1,"description":"对二维表中单列数据进行分类","descriptionLinkAddr":"","message0":"对二维表对象$1中列$2进行数据分类，赋值给列$3，输出到：$0","componentType":"电脑组件","lastModifyTime":"2022/02/28 00:05"},"U40MhzT1645977943966":{"id":"U40MhzT1645977943966","name":"【二维表】列正则提取（extract)","version":"1.0.4","type":"component","state":1,"description":"对二维表对象中一列进行正则提取","descriptionLinkAddr":"","message0":"对二维表对象$1中列$2进行正则提取，赋值给列$4，输出到：$0","componentType":"电脑组件","lastModifyTime":"2022/03/27 17:02"},"hBYPRLB1646011117988":{"id":"hBYPRLB1646011117988","name":"【二维表】列字符替换（replace）","version":"1.0.3","type":"component","state":1,"description":"对二维表对象中一列进行字符替换","descriptionLinkAddr":"","message0":"对二维表对象$1中列$2进行字符替换，赋值给列$5，输出到：$0","componentType":"电脑组件","lastModifyTime":"2022/03/27 16:47"},"2M5tp8p1646011744819":{"id":"2M5tp8p1646011744819","name":"【二维表】列字符移除（strip）","version":"1.0.1","type":"component","state":1,"description":"对二维表对象中一列进行字符移除","descriptionLinkAddr":"","message0":"对二维表对象$1中列$2进行字符移除，赋值给列$3，输出到：$0","componentType":"电脑组件","lastModifyTime":"2022/02/28 14:35"},"ychUlUv1646012573493":{"id":"ychUlUv1646012573493","name":"【二维表】列字符分割（split）","version":"1.0.3","type":"component","state":1,"description":"对二维表对象中一列进行字符分割","descriptionLinkAddr":"","message0":"对二维表对象$1中列$2进行字符分割，取索引$4赋值给列$6，输出到：$0","componentType":"电脑组件","lastModifyTime":"2022/03/27 16:43"},"zftDH2k1646018501505":{"id":"zftDH2k1646018501505","name":"【二维表】插入行","version":"1.0.9","type":"component","state":1,"description":"在二维表对象中指定位置插入一行","descriptionLinkAddr":"","message0":"在二维表对象中$1位置$3新增一行，写入数据$2，输出到：$0","componentType":"电脑组件","lastModifyTime":"2022/03/01 14:40"},"vQW4yqB1646019934296":{"id":"vQW4yqB1646019934296","name":"【二维表】删除行","version":"1.0.2","type":"component","state":1,"description":"在二维表对象中删除指定行","descriptionLinkAddr":"","message0":"在二维表对象$1中删除指定行$2，输出至：$0","componentType":"电脑组件","lastModifyTime":"2022/02/28 12:05"},"MxSxqgz1648880781245":{"id":"MxSxqgz1648880781245","name":"【二维表】输出为列表","version":"1.0.6","type":"component","state":1,"description":"将二维表对象（DataFrame）或一维序列（Series）输出为列表","descriptionLinkAddr":"","message0":"将二维表对象或一维序列$1输出为列表，输出至：$0","componentType":"电脑组件","lastModifyTime":"2022/04/06 17:17"},"kYYxkOr1649236418656":{"id":"kYYxkOr1649236418656","name":"【二维表】拷贝","version":"1.0.2","type":"component","state":1,"description":"拷贝二维表对象","descriptionLinkAddr":"","message0":"拷贝二维表对象$1，输出至：$0","componentType":"电脑组件","lastModifyTime":"2022/04/06 17:39"},"iOfzTBD1649237515976":{"id":"iOfzTBD1649237515976","name":"【二维表】排序","version":"1.0.1","type":"component","state":1,"description":"将二维表对象进行排序","descriptionLinkAddr":"","message0":"将二维表对象$1依据列$2进行$3排序，输出至：$0","componentType":"电脑组件","lastModifyTime":"2022/04/06 18:25"},"fCUrMug1649242904841":{"id":"fCUrMug1649242904841","name":"【二维表】单&多列处理","version":"1.0.3","type":"component","state":1,"description":"以lambda表达式对列进行自定义处理","descriptionLinkAddr":"","message0":"二维表对象$1中以表达式形式对单/多列$2处理，赋值给列$3，输出至：$0","componentType":"电脑组件","lastModifyTime":"2022/04/12 11:15"},"bzEhzQs1649342687183":{"id":"bzEhzQs1649342687183","name":"【二维表】列填充","version":"1.0.1","type":"component","state":1,"description":"将二维表对象中列中指定值填充为另一列的值","descriptionLinkAddr":"","message0":"将二维表对象$1中列$2中值填充为列$5中同一行数据，输出至：$0","componentType":"电脑组件","lastModifyTime":"2022/04/07 23:12"},"X3x7YxB1649344846172":{"id":"X3x7YxB1649344846172","name":"【二维表】获取数据","version":"1.0.11","type":"component","state":1,"description":"获取二维表对象中的数据","descriptionLinkAddr":"","message0":"获取二维表对象$1中行$2、列$3的数据，输出至：$0","componentType":"电脑组件","lastModifyTime":"2022/04/08 23:03"},"WPLBL1c1649389647572":{"id":"WPLBL1c1649389647572","name":"【二维表】写入数据","version":"1.0.6","type":"component","state":1,"description":"在二维表对象中指定行、列写入数据","descriptionLinkAddr":"","message0":"在二维表对象$1中行$2、列$3写入数据$4，输出至：$0","componentType":"电脑组件","lastModifyTime":"2022/04/08 23:53"},"4y1P6Uy1649432020185":{"id":"4y1P6Uy1649432020185","name":"【二维表】列数据写入","version":"1.0.2","type":"component","state":1,"description":"在二维表对象中单列的指定行写入数据","descriptionLinkAddr":"","message0":"在二维表对象$1中列$2的指定行写入数据$4，输出至：$0","componentType":"电脑组件","lastModifyTime":"2022/04/09 00:13"}},"author":"Lenovo","viewSourceCode":""}