{"id":"RrgOfhI1645957826191","name":"【二维表】列运算","version":"6.0.1","author":"","component":{"label":"【二维表】列运算","description":"将二维表对象中两列进行数值运算","descriptionLinkAddr":"","definition":{"message0":"二维表对象$1中列$2和列$3进行数值运算（$4），赋值给列$5，输出至：$0","args0":[{"name":"d_df","label":"输出到变量","displayType":"text","defaultValue":"df","propertityDirection":"1","type":"input_value","id":0},{"name":"d_df_input","label":"二维表对象","displayType":"text","defaultValue":"\"\"","propertityDirection":"0","type":"input_value","id":1},{"name":"d_col_a","label":"待运算列A","displayType":"text","defaultValue":"\"\"","propertityDirection":"0","type":"input_value","id":2},{"name":"d_col_b","label":"待运算列B","displayType":"text","defaultValue":"\"\"","propertityDirection":"0","type":"input_value","id":3},{"name":"d_operator","label":"运算符","displayType":"dropDownSelect","defaultValue":"\"+\"","propertityDirection":"0","type":"input_value","id":4,"displayParam":[{"label":"+","value":"\"+\""},{"label":"-","value":"\"-\""},{"label":"*","value":"\"*\""},{"label":"\\","value":"\"\\\""}]},{"name":"d_add","label":"新增列","displayType":"text","defaultValue":"\"\"","propertityDirection":"0","type":"input_value","id":5},{"name":"d_dtype","label":"数据类型转化","displayType":"dropDownSelect","defaultValue":"\"浮点数（float）\"","propertityDirection":"0","type":"input_value","id":6,"displayParam":[{"label":"浮点数（float）","value":"\"浮点数（float）\""},{"label":"整数（int）","value":"\"整数（int）\""}]}],"options0":[]},"type":"TASK_COMPONENT_RrgOfhI1645957826191_1_0_3","version":"1.0.3","category":"task_component","tag":[{"label":"自建组件"},{"label":"流程组件"}],"codeDesc":[{"func":"self.TASK_COMPONENT_RrgOfhI1645957826191_1_0_3","args":["d_df_input","d_col_a","d_col_b","d_operator","d_add","d_dtype"],"assignTo":"d_df"}],"componentMode":["normal"],"releaseTag":3},"model":null,"taskVersion":"1.0.3","componentType":"电脑组件","dependencies":{}}