{"id":"WPLBL1c1649389647572","name":"【二维表】写入数据","version":"6.0.1","author":"","component":{"label":"【二维表】写入数据","description":"在二维表对象中指定行、列写入数据","descriptionLinkAddr":"","definition":{"message0":"在二维表对象$1中行$2、列$3写入数据$4，输出至：$0","args0":[{"name":"d_df","label":"输出到变量","displayType":"text","defaultValue":"df","propertityDirection":"1","type":"input_value","id":0},{"name":"d_df_input","label":"二维表对象","displayType":"text","defaultValue":"\"\"","propertityDirection":"0","type":"input_value","id":1},{"name":"d_row","label":"行索引（示例1，取索引0位置：0）（示例2，取索引-1位置：-1）","displayType":"text","defaultValue":"0","propertityDirection":"0","type":"input_value","id":2},{"name":"d_col","label":"列索引（同上） / 列标签（示例：\"公司\"）","displayType":"text","defaultValue":"0","propertityDirection":"0","type":"input_value","id":3},{"name":"d_value","label":"写入值","displayType":"text","defaultValue":"\"\"","propertityDirection":"0","type":"input_value","id":4}],"options0":[]},"type":"TASK_COMPONENT_WPLBL1c1649389647572_1_0_6","version":"1.0.6","category":"task_component","tag":[{"label":"自建组件"},{"label":"流程组件"}],"codeDesc":[{"func":"self.TASK_COMPONENT_WPLBL1c1649389647572_1_0_6","args":["d_df_input","d_row","d_col","d_value"],"assignTo":"d_df"}],"componentMode":["normal"],"releaseTag":3},"model":null,"taskVersion":"1.0.6","componentType":"电脑组件","dependencies":{}}