{"id":"ILizynu1644834075190","name":"【二维表】重置行标签","version":"6.0.1","author":"","component":{"label":"【二维表】重置行标签","description":"重置二维表对象的行标签","descriptionLinkAddr":"","definition":{"message0":"重置二维表对象$1的行标签，输出至：$0","args0":[{"name":"d_df","label":"输出到变量","displayType":"text","defaultValue":"df","propertityDirection":"1","type":"input_value","id":0},{"name":"d_df_input","label":"二维表对象","displayType":"text","defaultValue":"\"\"","propertityDirection":"0","type":"input_value","id":1},{"name":"d_drop","label":"删除原行标签","displayType":"dropDownSelect","defaultValue":"\"是\"","propertityDirection":"0","type":"input_value","id":2,"displayParam":[{"label":"是","value":"\"是\""},{"label":"否","value":"\"否\""}]}],"options0":[]},"type":"TASK_COMPONENT_ILizynu1644834075190_1_0_2","version":"1.0.2","category":"task_component","tag":[{"label":"自建组件"},{"label":"流程组件"}],"codeDesc":[{"func":"self.TASK_COMPONENT_ILizynu1644834075190_1_0_2","args":["d_df_input","d_drop"],"assignTo":"d_df"}],"componentMode":["normal"],"releaseTag":3},"model":null,"taskVersion":"1.0.2","componentType":"电脑组件","dependencies":{}}