{"id":"gyJrWwe1644398168035","name":"【二维表】转置","version":"6.0.1","author":"","component":{"label":"【二维表】转置","description":"将二维表对象进行转置","descriptionLinkAddr":"","definition":{"message0":"将二维表对象$1进行转置，输出至：$0","args0":[{"name":"d_df","label":"输出到变量","displayType":"text","defaultValue":"df","propertityDirection":"1","type":"input_value","id":0},{"name":"d_df_input","label":"二维表对象","displayType":"text","defaultValue":"\"\"","propertityDirection":"0","type":"input_value","id":1}],"options0":[]},"type":"TASK_COMPONENT_gyJrWwe1644398168035_1_0_1","version":"1.0.1","category":"task_component","tag":[{"label":"自建组件"},{"label":"流程组件"}],"codeDesc":[{"func":"self.TASK_COMPONENT_gyJrWwe1644398168035_1_0_1","args":["d_df_input"],"assignTo":"d_df"}],"componentMode":["normal"],"releaseTag":3},"model":null,"taskVersion":"1.0.1","componentType":"电脑组件","dependencies":{}}