{"id":"2M5tp8p1646011744819","name":"【二维表】列字符移除（strip）","version":"6.0.1","author":"","component":{"label":"【二维表】列字符移除（strip）","description":"对二维表对象中一列进行字符移除","descriptionLinkAddr":"","definition":{"message0":"对二维表对象$1中列$2进行字符移除，赋值给列$3，输出到：$0","args0":[{"name":"d_df","label":"输出到变量","displayType":"text","defaultValue":"df","propertityDirection":"1","type":"input_value","id":0},{"name":"d_df_input","label":"二维表对象","displayType":"text","defaultValue":"\"\"","propertityDirection":"0","type":"input_value","id":1},{"name":"d_col","label":"待移除列","displayType":"text","defaultValue":"\"\"","propertityDirection":"0","type":"input_value","id":2},{"name":"d_add","label":"新增列","displayType":"text","defaultValue":"\"\"","propertityDirection":"0","type":"input_value","id":3,"displayParam":[{"label":"\"\"","value":"\"\"\"\""}]},{"name":"d_type","label":"移除方式","displayType":"dropDownSelect","defaultValue":"\"左右两边字符\"","propertityDirection":"0","type":"input_value","id":4,"displayParam":[{"label":"左右两边字符","value":"\"左右两边字符\""},{"label":"仅右侧字符","value":"\"仅右侧字符\""},{"label":"仅左侧字符","value":"\"仅左侧字符\""}]},{"name":"d_string","label":"待移除字符","displayType":"text","defaultValue":"\"\"","propertityDirection":"0","type":"input_value","id":5}],"options0":[]},"type":"TASK_COMPONENT_2M5tp8p1646011744819_1_0_1","version":"1.0.1","category":"task_component","tag":[{"label":"自建组件"},{"label":"流程组件"}],"codeDesc":[{"func":"self.TASK_COMPONENT_2M5tp8p1646011744819_1_0_1","args":["d_df_input","d_col","d_add","d_type","d_string"],"assignTo":"d_df"}],"componentMode":["normal"],"releaseTag":3},"model":null,"taskVersion":"1.0.1","componentType":"电脑组件","dependencies":{}}