{"id":"x0BtUyj1644395383923","name":"【二维表】创建对象","version":"6.0.1","author":"","component":{"label":"【二维表】创建对象","description":"创建新的二维表对象","descriptionLinkAddr":"","definition":{"message0":"创建新的二维表对象，写入数据$1，输出至：$0","args0":[{"name":"d_df","label":"输出到变量","displayType":"text","defaultValue":"df","propertityDirection":"1","type":"input_value","id":0},{"name":"d_data","label":"数据（示例：[[\"实在智能\",\"科技公司\"],[\"实行智能\",\"科技公司\"]]）","displayType":"text","defaultValue":"[]","propertityDirection":"0","type":"input_value","id":1},{"name":"d_index","label":"行标签（Index）","displayType":"text","defaultValue":"[]","propertityDirection":"0","type":"input_value","id":2},{"name":"d_columns","label":"列标签（Columns）","displayType":"text","defaultValue":"[]","propertityDirection":"0","type":"input_value","id":3}],"options0":[]},"type":"TASK_COMPONENT_x0BtUyj1644395383923_1_0_5","version":"1.0.5","category":"task_component","tag":[{"label":"自建组件"},{"label":"流程组件"}],"codeDesc":[{"func":"self.TASK_COMPONENT_x0BtUyj1644395383923_1_0_5","args":["d_data","d_index","d_columns"],"assignTo":"d_df"}],"componentMode":["normal"],"releaseTag":3},"model":null,"taskVersion":"1.0.5","componentType":"电脑组件","dependencies":{}}