{"flow_modules/io5cd.py":{"sourceId":"io5cd","type":"flowBlock","moduleDefines":[],"dependencyMap":{"eJfTA":[{"dependType":"plugin","name":"WebBrowser","version":"2.8.0.6"}],"b9qYg":[{"dependType":"plugin","name":"Bivartable","version":"2.8.0.6"}],"wfWPy":[{"dependType":"extension","name":"TASK_COMPONENT_x0BtUyj1644395383923","version":"1.0.5"}],"dFxra":[{"dependType":"extension","name":"TASK_COMPONENT_Rr4Pw1w1644651854194","version":"1.0.9"}],"DZlD8":[{"dependType":"plugin","name":"WebBrowser","version":"2.8.0.6"}]},"moduleRefenceList":[],"variableReferenceList":[{"id":"g-io5cd-flowBlock-37","referenceType":"get","arrangementId":"io5cd-flowBlock","componentId":"eJfTA","argumentName":"var_name","row":1,"locStart":1,"locEnd":4,"callType":"none","callValue":"","variableName":"网页对象"},{"id":"s-io5cd-flowBlock-21","referenceType":"set","arrangementId":"io5cd-flowBlock","componentId":"eJfTA","argumentName":"var_name","locStart":0,"locEnd":4,"variableName":"网页对象","variableClass":"local","variableTypeNames":["rpa_hWeb"],"dependVarNames":[]},{"id":"g-io5cd-flowBlock-38","referenceType":"get","arrangementId":"io5cd-flowBlock","componentId":"DZlD8","argumentName":"var0","row":1,"locStart":1,"locEnd":6,"callType":"none","callValue":"","variableName":"批量采集结果"},{"id":"g-io5cd-flowBlock-39","referenceType":"get","arrangementId":"io5cd-flowBlock","componentId":"DZlD8","argumentName":"var1","row":1,"locStart":1,"locEnd":4,"callType":"none","callValue":"","variableName":"采集页码"},{"id":"g-io5cd-flowBlock-40","referenceType":"get","arrangementId":"io5cd-flowBlock","componentId":"DZlD8","argumentName":"web","row":1,"locStart":1,"locEnd":4,"callType":"none","callValue":"","variableName":"网页对象"},{"id":"g-io5cd-flowBlock-41","referenceType":"get","arrangementId":"io5cd-flowBlock","componentId":"DZlD8","argumentName":"view","row":1,"locStart":2,"locEnd":8,"callType":"none","callValue":"","variableName":"object"},{"id":"g-io5cd-flowBlock-42","referenceType":"get","arrangementId":"io5cd-flowBlock","componentId":"DZlD8","argumentName":"view","row":1,"locStart":9,"locEnd":15,"callType":"none","callValue":"","variableName":"Object"},{"id":"s-io5cd-flowBlock-22","referenceType":"set","arrangementId":"io5cd-flowBlock","componentId":"DZlD8","argumentName":"var0","locStart":0,"locEnd":6,"variableName":"批量采集结果","variableClass":"local","variableTypeNames":["rpa_list_piliangshuju"],"dependVarNames":[]},{"id":"s-io5cd-flowBlock-23","referenceType":"set","arrangementId":"io5cd-flowBlock","componentId":"DZlD8","argumentName":"var1","locStart":0,"locEnd":4,"variableName":"采集页码","variableClass":"local","variableTypeNames":["rpa_int"],"dependVarNames":[]},{"id":"g-io5cd-flowBlock-43","referenceType":"get","arrangementId":"io5cd-flowBlock","componentId":"b9qYg","argumentName":"var_name","row":1,"locStart":1,"locEnd":6,"callType":"none","callValue":"","variableName":"数据表格_1"},{"id":"g-io5cd-flowBlock-44","referenceType":"get","arrangementId":"io5cd-flowBlock","componentId":"b9qYg","argumentName":"data","row":1,"locStart":1,"locEnd":6,"callType":"none","callValue":"","variableName":"批量采集结果"},{"id":"s-io5cd-flowBlock-24","referenceType":"set","arrangementId":"io5cd-flowBlock","componentId":"b9qYg","argumentName":"var_name","locStart":0,"locEnd":6,"variableName":"数据表格_1","variableClass":"local","variableTypeNames":["rpa_pd"],"dependVarNames":[]},{"id":"g-io5cd-flowBlock-45","referenceType":"get","arrangementId":"io5cd-flowBlock","componentId":"wfWPy","argumentName":"d_df","row":1,"locStart":1,"locEnd":2,"callType":"none","callValue":"","variableName":"df"},{"id":"g-io5cd-flowBlock-46","referenceType":"get","arrangementId":"io5cd-flowBlock","componentId":"wfWPy","argumentName":"d_data","row":1,"locStart":1,"locEnd":6,"callType":"none","callValue":"","variableName":"数据表格_1"},{"id":"g-io5cd-flowBlock-47","referenceType":"get","arrangementId":"io5cd-flowBlock","componentId":"wfWPy","argumentName":"d_columns","row":1,"locStart":1,"locEnd":7,"callType":"none","callValue":"","variableName":"批量采集结果"},{"id":"s-io5cd-flowBlock-25","referenceType":"set","arrangementId":"io5cd-flowBlock","componentId":"wfWPy","argumentName":"d_df","locStart":0,"locEnd":2,"variableName":"df","variableClass":"local","variableTypeNames":["rpa_any"],"dependVarNames":[]},{"id":"g-io5cd-flowBlock-48","referenceType":"get","arrangementId":"io5cd-flowBlock","componentId":"dFxra","argumentName":"d_df_input","row":1,"locStart":1,"locEnd":2,"callType":"none","callValue":"","variableName":"df"}],"createTime":1706759296967,"updateTime":1708227642414}}