{"isNewProject":true,"componentsNum":0,"hasGlobalConfig":false,"triggerRequired":false,"dependencies":{"UCpzEwB1644375006527":{"id":"UCpzEwB1644375006527","name":"数据能力拓展","version":"1.0.198","registry":"export","type":"group"}},"taskDataList":[],"id":"ByXbr4TtvB","packageName":"抓取CBG","description":"","projectMode":"normal","version":"0.0.1","date":"Fri Feb 02 2024","icon":"","authorId":"111168","author":"15070293421","factoryVersion":"6.8.0","runtimeVersion":"6.8.0.6","isAllowNewEdit":true,"supportVersion":"6.8.0","supportPatch":"6","lastSaveCiId":"ci-6737","lastSaveVersion":"6.9.0.1"}