{"id":"jcempBW1645956404323","name":"【二维表】删除列","version":"6.0.1","author":"","component":{"label":"【二维表】删除列","description":"在二维表对象中删除指定列","descriptionLinkAddr":"","definition":{"message0":"在二维表对象$1中删除指定列$2，输出至：$0","args0":[{"name":"d_df","label":"输出到变量","displayType":"text","defaultValue":"df","propertityDirection":"1","type":"input_value","id":0},{"name":"d_df_input","label":"二维表对象","displayType":"text","defaultValue":"\"\"","propertityDirection":"0","type":"input_value","id":1},{"name":"d_col","label":"待删除列（可传参：列标签/索引）","displayType":"text","defaultValue":"\"\"","propertityDirection":"0","type":"input_value","id":2}],"options0":[]},"type":"TASK_COMPONENT_jcempBW1645956404323_1_0_0","version":"1.0.0","category":"task_component","tag":[{"label":"自建组件"},{"label":"流程组件"}],"codeDesc":[{"func":"self.TASK_COMPONENT_jcempBW1645956404323_1_0_0","args":["d_df_input","d_col"],"assignTo":"d_df"}],"componentMode":["normal"],"releaseTag":3},"model":null,"taskVersion":"1.0.0","componentType":"电脑组件","dependencies":{}}