{"id":"X3x7YxB1649344846172","name":"【二维表】获取数据","version":"6.0.1","author":"","component":{"label":"【二维表】获取数据","description":"获取二维表对象中的数据","descriptionLinkAddr":"","definition":{"message0":"获取二维表对象$1中行$2、列$3的数据，输出至：$0","args0":[{"name":"d_object","label":"输出到变量","displayType":"text","defaultValue":"object","propertityDirection":"1","type":"input_value","id":0},{"name":"d_df_input","label":"二维表对象","displayType":"text","defaultValue":"\"\"","propertityDirection":"0","type":"input_value","id":1},{"name":"d_row","label":"行索引（示例1，取索引0位置：0）（示例2，取索引-1位置：-1）（示例3，取索引0~最大行数位置：[0,None]）（示例4，取索引0~-1位置：[None,-1]）（示例5，取整行数据：[None,None]）","displayType":"text","defaultValue":"0","propertityDirection":"0","type":"input_value","id":2},{"name":"d_col","label":"列索引（同上）/ 列标签（示例1：\"公司\"）（示例2：[\"公司\",\"入职时间\",\"年龄\"]）","displayType":"text","defaultValue":"0","propertityDirection":"0","type":"input_value","id":3},{"name":"d_to_list","label":"输出为列表","displayType":"dropDownSelect","defaultValue":"\"否\"","propertityDirection":"0","type":"input_value","id":4,"displayParam":[{"label":"否","value":"\"否\""},{"label":"是","value":"\"是\""}]},{"name":"d_print","label":"打印日志","displayType":"dropDownSelect","defaultValue":"\"否\"","propertityDirection":"0","type":"input_value","id":5,"displayParam":[{"label":"否","value":"\"否\""},{"label":"是","value":"\"是\""}]}],"options0":[]},"type":"TASK_COMPONENT_X3x7YxB1649344846172_1_0_11","version":"1.0.11","category":"task_component","tag":[{"label":"自建组件"},{"label":"流程组件"}],"codeDesc":[{"func":"self.TASK_COMPONENT_X3x7YxB1649344846172_1_0_11","args":["d_df_input","d_row","d_col","d_to_list","d_print"],"assignTo":"d_object"}],"componentMode":["normal"],"releaseTag":3},"model":null,"taskVersion":"1.0.11","componentType":"电脑组件","dependencies":{}}