{"id":"n5GozuX1645008401987","name":"【二维表】数据透视表","version":"6.0.1","author":"","component":{"label":"【二维表】数据透视表","description":"对二维表对象生成数据透视表","descriptionLinkAddr":"","definition":{"message0":"二维表对象$1中$2为行、$3为列，对$4汇总计算，输出至：$0","args0":[{"name":"d_df","label":"输出到变量","displayType":"text","defaultValue":"df","propertityDirection":"1","type":"input_value","id":0},{"name":"d_df_input","label":"二维表对象","displayType":"text","defaultValue":"\"\"","propertityDirection":"0","type":"input_value","id":1},{"name":"d_index","label":"行分组依据（可传参：列标签列表）（示例：[\"公司\"]）","displayType":"text","defaultValue":"[]","propertityDirection":"0","type":"input_value","id":2},{"name":"d_columns","label":"列分组依据（可传参：列标签列表）（示例：[\"职位\"]）","displayType":"text","defaultValue":"[]","propertityDirection":"0","type":"input_value","id":3},{"name":"d_aggfunc","label":"待汇总/计算操作（提示：求和sum、均值mean、计数count、最小值min、最大值max、中位数median、方差std、标准差var）（示例：{\"年龄\":[\"最大值\"],\"工资\":\"均值\"}）","displayType":"text","defaultValue":"{}","propertityDirection":"0","type":"input_value","id":4},{"name":"d_fill_value","label":"缺失值填充","displayType":"text","defaultValue":"\"\"","propertityDirection":"0","type":"input_value","id":5}],"options0":[]},"type":"TASK_COMPONENT_n5GozuX1645008401987_1_0_16","version":"1.0.16","category":"task_component","tag":[{"label":"自建组件"},{"label":"流程组件"}],"codeDesc":[{"func":"self.TASK_COMPONENT_n5GozuX1645008401987_1_0_16","args":["d_df_input","d_index","d_columns","d_aggfunc","d_fill_value"],"assignTo":"d_df"}],"componentMode":["normal"],"releaseTag":3},"model":null,"taskVersion":"1.0.16","componentType":"电脑组件","dependencies":{}}