{"id":"vQW4yqB1646019934296","name":"【二维表】删除行","version":"6.0.1","author":"","component":{"label":"【二维表】删除行","description":"在二维表对象中删除指定行","descriptionLinkAddr":"","definition":{"message0":"在二维表对象$1中删除指定行$2，输出至：$0","args0":[{"name":"d_df","label":"输出到变量","displayType":"text","defaultValue":"df","propertityDirection":"1","type":"input_value","id":0},{"name":"d_df_input","label":"二维表对象","displayType":"text","defaultValue":"\"\"","propertityDirection":"0","type":"input_value","id":1},{"name":"d_idx","label":"待删除行（可传参：索引/行标签）","displayType":"text","defaultValue":"-1","propertityDirection":"0","type":"input_value","id":2},{"name":"d_reset_index","label":"重置行标签","displayType":"dropDownSelect","defaultValue":"\"是\"","propertityDirection":"0","type":"input_value","id":3,"displayParam":[{"label":"是","value":"\"是\""},{"label":"否","value":"\"否\""}]}],"options0":[]},"type":"TASK_COMPONENT_vQW4yqB1646019934296_1_0_2","version":"1.0.2","category":"task_component","tag":[{"label":"自建组件"},{"label":"流程组件"}],"codeDesc":[{"func":"self.TASK_COMPONENT_vQW4yqB1646019934296_1_0_2","args":["d_df_input","d_idx","d_reset_index"],"assignTo":"d_df"}],"componentMode":["normal"],"releaseTag":3},"model":null,"taskVersion":"1.0.2","componentType":"电脑组件","dependencies":{}}