{"id":"NZOmi511645953728307","name":"【二维表】插入列","version":"6.0.1","author":"","component":{"label":"【二维表】插入列","description":"在二维表对象中指定位置插入一列","descriptionLinkAddr":"","definition":{"message0":"在二维表对象$1中位置$4新增一列$2，写入数据$3，输出到：$0","args0":[{"name":"d_df","label":"输出到变量","displayType":"text","defaultValue":"df","propertityDirection":"1","type":"input_value","id":0},{"name":"d_df_input","label":"二维表对象","displayType":"text","defaultValue":"\"\"","propertityDirection":"0","type":"input_value","id":1},{"name":"d_add","label":"新增列","displayType":"text","defaultValue":"\"\"","propertityDirection":"0","type":"input_value","id":2},{"name":"d_data","label":"插入数据（可传参：列表/字符串/数值）","displayType":"text","defaultValue":"[]","propertityDirection":"0","type":"input_value","id":3},{"name":"d_idx","label":"插入位置","displayType":"text","defaultValue":"-1","propertityDirection":"0","type":"input_value","id":4}],"options0":[]},"type":"TASK_COMPONENT_NZOmi511645953728307_1_0_4","version":"1.0.4","category":"task_component","tag":[{"label":"自建组件"},{"label":"流程组件"}],"codeDesc":[{"func":"self.TASK_COMPONENT_NZOmi511645953728307_1_0_4","args":["d_df_input","d_add","d_data","d_idx"],"assignTo":"d_df"}],"componentMode":["normal"],"releaseTag":3},"model":null,"taskVersion":"1.0.4","componentType":"电脑组件","dependencies":{}}