{"id":"MxSxqgz1648880781245","name":"【二维表】输出为列表","version":"6.0.1","author":"","component":{"label":"【二维表】输出为列表","description":"将二维表对象（DataFrame）或一维序列（Series）输出为列表","descriptionLinkAddr":"","definition":{"message0":"将二维表对象或一维序列$1输出为列表，输出至：$0","args0":[{"name":"d_array","label":"输出到变量","displayType":"text","defaultValue":"array","propertityDirection":"1","type":"input_value","id":0},{"name":"d_df_input","label":"二维表对象（DataFrame）/一维序列（Series）","displayType":"text","defaultValue":"\"\"","propertityDirection":"0","type":"input_value","id":1},{"name":"d_print","label":"打印日志","displayType":"dropDownSelect","defaultValue":"\"否\"","propertityDirection":"0","type":"input_value","id":2,"displayParam":[{"label":"否","value":"\"否\""},{"label":"是","value":"\"是\""}]}],"options0":[]},"type":"TASK_COMPONENT_MxSxqgz1648880781245_1_0_6","version":"1.0.6","category":"task_component","tag":[{"label":"自建组件"},{"label":"流程组件"}],"codeDesc":[{"func":"self.TASK_COMPONENT_MxSxqgz1648880781245_1_0_6","args":["d_df_input","d_print"],"assignTo":"d_array"}],"componentMode":["normal"],"releaseTag":3},"model":null,"taskVersion":"1.0.6","componentType":"电脑组件","dependencies":{}}