{"id":"T4jVHw51644562569505","name":"【二维表】数据类型转换","version":"6.0.1","author":"","component":{"label":"【二维表】数据类型转换","description":"转换二维表对象或其中一列的数据类型","descriptionLinkAddr":"","definition":{"message0":"转换二维表对象$1中列$2的数据类型为$3，输出至：$0","args0":[{"name":"d_df","label":"输出到变量","displayType":"text","defaultValue":"df","propertityDirection":"1","type":"input_value","id":0},{"name":"d_df_input","label":"二维表对象","displayType":"text","defaultValue":"\"\"","propertityDirection":"0","type":"input_value","id":1},{"name":"d_columns","label":"列标签（选填：为空时对整个二维表生效）","displayType":"text","defaultValue":"\"\"","propertityDirection":"0","type":"input_value","id":2},{"name":"d_dtype","label":"数据类型","displayType":"dropDownSelect","defaultValue":"\"字符串（str）\"","propertityDirection":"0","type":"input_value","id":3,"displayParam":[{"label":"字符串（str）","value":"\"字符串（str）\""},{"label":"浮点数（float）","value":"\"浮点数（float）\""},{"label":"整数（int）","value":"\"整数（int）\""}]}],"options0":[]},"type":"TASK_COMPONENT_T4jVHw51644562569505_1_0_3","version":"1.0.3","category":"task_component","tag":[{"label":"自建组件"},{"label":"流程组件"}],"codeDesc":[{"func":"self.TASK_COMPONENT_T4jVHw51644562569505_1_0_3","args":["d_df_input","d_columns","d_dtype"],"assignTo":"d_df"}],"componentMode":["normal"],"releaseTag":3},"model":null,"taskVersion":"1.0.3","componentType":"电脑组件","dependencies":{}}