{"id":"oKy66X91645955107367","name":"【二维表】复制列","version":"6.0.1","author":"","component":{"label":"【二维表】复制列","description":"在二维表对象中复制一列","descriptionLinkAddr":"","definition":{"message0":"在二维表对象$1中复制列$2至列$3，输出至：$0","args0":[{"name":"d_df","label":"输出到变量","displayType":"text","defaultValue":"df","propertityDirection":"1","type":"input_value","id":0},{"name":"d_df_input","label":"二维表对象","displayType":"text","defaultValue":"\"\"","propertityDirection":"0","type":"input_value","id":1},{"name":"d_col","label":"待复制列（示例：\"公司\"）","displayType":"text","defaultValue":"\"\"","propertityDirection":"0","type":"input_value","id":2},{"name":"d_add","label":"新增列（示例：\"公司_复制\"）","displayType":"text","defaultValue":"\"\"","propertityDirection":"0","type":"input_value","id":3}],"options0":[]},"type":"TASK_COMPONENT_oKy66X91645955107367_1_0_5","version":"1.0.5","category":"task_component","tag":[{"label":"自建组件"},{"label":"流程组件"}],"codeDesc":[{"func":"self.TASK_COMPONENT_oKy66X91645955107367_1_0_5","args":["d_df_input","d_col","d_add"],"assignTo":"d_df"}],"componentMode":["normal"],"releaseTag":3},"model":null,"taskVersion":"1.0.5","componentType":"电脑组件","dependencies":{}}